ID,SMILES,class,ETA_shape_x,VSA_EState3,XH_strength,MinAbsEStateIndex,ATSC4i,ATSC2p,ATSC5Z,ATSC4c,n5aHRing,SlogP_VSA3,PEOE_VSA6,ATSC4s,ATSC7c,NaasN,ATSC7are,AATS0Z,ATSC8are,ATSC7d,EState_VSA5,fr_aniline,EState_VSA1,VSA_EState7,VSA_EState8,AATSC1are,ATSC6i,ATSC3i,ATSC5v,AATSC1v,ATSC5s,VR1_A,MATS2i,PEOE_VSA11,AATSC2d,ATSC3are,Ipc,MATS2s,ATSC7p,EState_VSA2,ATSC3Z,JGI7,VSA_EState5,AATSC2are,MATS1s,ATSC4Z,ATSC6dv
1,CC(C)(C(=O)O)C1=CC=C(C(O)CCCN2CCC(C(O)(C3=CC=CC=C3)C3=CC=CC=C3)CC2)C=C1,1,0.056390977443609,32.16374040119014,2.5995,0.132136952230192,-14.807743405385892,0.5113041270700769,-62.50069252077564,-0.2075129597731871,0,15.81057846445229,84.92913895846256,-39.50123114804556,-0.0814953601306948,0,0.3110529085872487,19.68421052631579,-0.0008759175900266,-10.986149584487531,0.0,0,23.08931295608062,2.767334511827276,6.112484790176369,-0.0061417522090535,-29.87671525090857,-23.045210119035943,-338.26505554051926,3.0020549199135265,-13.595606340412427,3060.81187021367,0.0466409478956989,0.0,-0.095989027720477,-0.1579400623268626,195844207.08690724,0.1031411356201548,-2.474581393237333,5.917906046161393,-40.00831024930747,0.0144393631436314,-0.7330986835525353,0.0054921358372134,-0.1125455282158696,-257.08656509695294,4.94459833795013
2,COC1=CC=CC(CN)=C1O,0,0.0,9.383796296296296,2.2419,0.1365740740740741,-21.73844178742099,1.1201548039342748,-108.33057851239673,-0.0879679255598477,0,6.544756405912575,12.13273413692322,-4.6866391184573,0.0004966585920498,0,0.2825847107438057,21.63636363636364,0.4271516528925642,4.0,7.109797541277533,0,0.0,0.0,0.3224537037037036,-0.0244458677685951,-5.074015842149983,-12.210950787375507,-409.1997126293916,2.6474560096723683,-17.269972451790636,39.96779513722553,0.1631123905575448,11.49902366656781,0.0071428571428571,1.2787322314049565,348.57046183703704,-0.1027759389205172,1.2072312701991157,5.749511833283905,39.24793388429755,0.0,0.6022685185185188,-0.0206648110979929,-0.2471424158171146,-109.69421487603304,12.264462809917356
3,Cl/C=C/Cl,0,0.0,0.0,0.0,1.2376543209876545,0.0,-1.185439903232667,0.0,0.0,0,0.0,23.20187978046503,0.0,0.0,0,0.0,108.66666666666669,0.0,0.0,11.070403857756428,0,0.0,0.0,0.0,-2.000000000000265e-05,0.0,1.8184279770809884,0.0,-3.833654245232879,0.0,5.891992804872071,-0.5,0.0,-0.1111111111111111,0.0001,6.854752972273345,-0.5,0.0,0.0,4.0,0.0,0.0,-0.0330999999999999,-0.3536734291904664,0.0,0.0
4,CCC1(O)CC2CN(CCC3=C(NC4=CC=CC=C43)C(C(=O)OC)(C3=C(OC)C=C4C(=C3)C35CCN6CC=CC(CC)(C(OC(C)=O)C(O)(C(=O)OC)C3N4C=O)C65)C2)C1,1,0.0894988066825776,26.25314032557773,2.8105,0.1552893630434493,68.38149448703498,11.27503083312714,-48.09512485136736,0.3523540065813426,1,50.639540159407005,44.19861581843384,-27.88652728233584,0.3088102210603382,0,-3.7896356718192536,21.96551724137931,-3.843417003567177,-36.69916765755053,33.153039554373706,1,63.54263694005748,5.832904069265398,8.161264678568111,-0.0028014326262896,23.96440045546955,-31.89791713096087,-2547.1993044770707,1.276057900350372,25.22580591887963,3155.435378431256,0.1780468047421715,6.103966387748303,0.1665040600831327,1.6265731272294988,27977548254752.824,0.0566467618451542,-5.341217749509913,12.338727669087405,39.26991676575514,0.0177146002909834,-2.064961279668169,0.0050470324298505,-0.0415014148778728,137.7574316290131,-134.56599286563613
5,CCC1(O)CC2CN(CCC3=C(NC4=CC=CC=C43)C(C(=O)OC)(C3=C(OC)C=C4C(=C3)C35CCN6CC=CC(CC)(C(OC(C)=O)C(O)(C(=O)OC)C3N4C)C65)C2)C1,1,0.0905797101449275,26.33091239810505,2.4807,0.0986226963767826,65.31547818611618,12.018210054426902,-151.13682518810737,0.4631166967126612,1,45.845002975335184,44.19861581843384,-19.22708825415378,0.4040443462626868,0,-3.258413609467442,21.247863247863247,-1.578007692307696,-31.99408284023668,21.14333228224569,1,57.50079611090952,5.944736805409447,8.6246074393296,-0.0015739360946744,29.7427079461281,-32.71617928798621,-3038.550174437646,1.3243826795822264,7.371433673427962,3086.9234599465167,0.189179841942753,6.103966387748303,0.1649980442580249,1.8637467455621493,16547476727054.902,0.0710945866595313,-7.029474665754693,11.959746875309351,37.53159471108172,0.0178027159659044,-1.5628213619726956,0.0042417746485906,-0.0556972227539333,115.51625392651025,-225.9728248959018
6,CC1OC(OC2C(O)CC(OC3C(O)CC(OC4CCC5(C)C(CCC6C5CC(O)C5(C)C(C7=CC(=O)OC7)CCC65O)C4)OC3C)OC2C)CC(O)C1O,1,0.0596026490066225,66.86696110569042,5.2726,0.0452062674616808,-58.91238399163704,0.4636132200405076,31.766753760327568,-0.0647753473533083,0,37.95257786067216,13.847474399381248,-3.6254658726235576,0.6990538410637055,0,3.729429418826344,20.47058823529412,-1.2887133677000324,-8.44721417978957,0.0,0,90.92578534586912,-1.511880895640089,9.895578761358747,-0.00967116258268,14.123438709629609,-9.855597499659646,-170.0449172941727,3.1520209730384634,9.696632084206202,214924.7625612824,0.0013145532532744,18.87008018800564,-0.0289041734340794,-2.7155871760468595,1464396350590.4775,0.0085297469152095,-8.051410710429984,61.11132711687205,-216.5326601228727,0.0158296651994131,0.2041819139569783,0.0061054360567757,-0.1348333515642525,-490.8654756020055,-18.96568038980299
7,CC(N)C(=O)O,1,0.0,7.86574074074074,2.7723,0.7314814814814816,3.540402979989649,-0.8220673227399999,36.24260355029587,-0.3002287400609957,0,4.794537184071822,0.0,-43.834319526627226,0.0,0,0.0,22.46153846153846,0.0,0.0,6.923737199690624,0,12.011146117099807,0.0,1.4189814814814814,-0.0600563609467455,0.0,-3.716141908892823,158.98676972332004,0.1301530298536389,7.573964497041421,11.530009778701592,-0.4144675628945292,0.0,-0.261600747430707,0.1112556213017751,13.609640474436812,0.265360996426465,0.0,0.0,-26.591715976331365,0.0,-0.962962962962963,0.0627253192151977,-0.2658756317292902,-80.3550295857988,0.0
8,CC(C)CC(N)C(=O)O,0,0.0,8.30587962962963,2.4,0.3574999999999998,0.4208462281453312,-0.7264730809552953,-26.942148760330586,-0.2433128803585547,0,4.794537184071822,13.847474399381248,-16.763257575757574,0.0414429237549431,0,0.3442921487603324,18.454545454545453,0.0,0.6074380165289255,0.0,0,12.011146117099807,0.5509259259259259,3.894444444444445,-0.0245848583234947,6.871025528609827,-12.55111392072318,-268.0320300187136,-0.3580838324490604,-6.34050734618916,24.062497405383453,-0.1556621847643393,0.0,-0.1321755639937457,0.7768512396694218,60.47184355343589,0.2544133948423273,0.5602919865715152,0.0,-48.64462809917355,0.0,-0.5557407407407403,0.0376932041545678,-0.1576917499467768,23.1818181818182,-42.8099173553719
9,CC(O)C(=O)O,0,0.0,15.770833333333332,2.2823,1.185185185185185,3.45067481026401,-1.03682036178775,36.0,-0.2948161994465985,0,4.794537184071822,0.0,-43.5,0.0,0,0.0,25.5,0.0,0.0,6.923737199690624,0,12.073271675700152,-1.231481481481482,1.1967592592592593,-0.0736363636363635,0.0,-4.077166422823991,145.67516815127712,-0.8737202140557265,9.0,11.530009778701592,-0.3733881152736685,0.0,-0.2810457516339869,0.1600000000000009,13.609640474436812,0.1622234214786832,0.0,0.0,-24.0,0.0,-1.185185185185185,0.0505882352941176,-0.2827356130108424,-78.0,0.0
10,OCC(O)CO,1,0.0,24.016203703703702,2.4524,0.3645833333333332,2.9581057003895195,-1.1690836343557156,16.89795918367347,-0.1461769106853901,0,0.0,0.0,-5.916666666666665,0.0,0,0.0,22.0,0.0,0.0,0.0,0,6.103966387748303,-0.953703703703704,-0.7291666666666665,-0.0792621664050235,0.2468391971921598,-4.925940624141886,119.54891130886612,-0.4291935182814239,-0.7777777777777787,12.261208932583958,-0.3537749704146206,0.0,-0.1700680272108844,0.9567346938775508,19.80026905978025,-0.2678454485920102,0.0,13.213763929025836,1.9591836734693928,0.0,0.0,-0.0683673469387755,-0.3147196614780109,-17.857142857142854,2.4693877551020407
11,CC(=O)CC(C1=CC=CC=C1)C1=C(O)C2=CC=CC=C2OC1=O,1,0.0,11.068085317460316,1.3212,0.0640632611069118,-5.351977831091132,-1.106913355114392,-23.917159763313627,0.4371877666669497,0,4.794537184071822,42.46456947923127,14.759533201840895,-0.2630440057217615,0,-4.32154503616042,24.512820512820515,-0.1627613412228741,-2.3668639053254443,6.923737199690624,0,11.54349236523938,0.125668225623583,1.4679105253212394,-0.0062959221308189,-16.600393317387073,-10.16786402611509,4.3442675334706005,2.4407190675528176,-21.83925049309664,175.48693963678872,-0.0719345928682653,0.0,0.0403759136790811,-0.9582840236686404,187785.02349075023,0.0631587554623111,1.1460397154126316,23.517029894271847,-24.86982248520712,0.0157828282828282,-0.71544364659444,0.0200889507676837,-0.0765281624664165,36.78106508875737,-67.2189349112426
12,OC[C@H]1O[C@@](CO)(O[C@H]2O[C@H](CO)[C@@H](O)[C@H](O)[C@H]2O)[C@@H](O)[C@@H]1O,1,0.0517241379310344,76.6667781032166,7.9266,0.6686328157806329,-13.889845205977522,-2.295053809837918,-31.874567901234567,-0.6707532597755375,0,14.210588861400147,0.0,-16.074564471879288,0.0028356641752508,0,-0.1494419753086415,25.73333333333333,-0.0259259259259248,-14.123456790123456,0.0,0,74.62554848968267,-12.652261642311249,-2.3224229707315027,-0.075347718733226,3.6118028886534135,-2.3574808529496147,-14.718347165794134,4.678498540394359,-1.810548696844992,157.46800921340437,-0.1757862536122412,6.290026729335213,-0.0287074222817194,4.723056790123456,120494.87399444074,-0.2203147786591177,-2.250924532416924,0.0,77.64493827160496,0.020266439909297,-2.22174792139078,-0.0491142049680202,-0.287171924670155,-151.33728395061732,-19.720493827160496
13,NC1=NC(NCCC2=CC=C(O)C=C2)=NC2=NC(C3=CC=CO3)=NN12,1,0.0,16.64812032500795,3.6804,0.1828143959348871,-13.079265037644358,-1.2933708005964248,-31.239999999999984,0.4577557960972252,2,6.4208216229260096,12.13273413692322,1.097291666666666,0.2038812971070366,1,-2.307378374999995,26.55,-1.9622563125,-1.3087500000000007,4.515397893615623,2,0.0,2.297056250160507,0.6106812956664147,-0.0179247049418603,-18.77319735727485,-16.86853414914694,100.44317321144923,1.335920607963832,-8.026666666666664,763.2734146656343,0.225183244732752,5.760247418874442,-0.0008242753623188,0.2325776875000015,1002006.1758352568,0.1534647597406163,1.5426298648530317,11.6978511142704,2.279999999999987,0.0109245086923658,2.075985849601472,0.0365725625,-0.2241258000516486,12.759999999999998,-42.08
14,O=C1NC2=C(C=C(S(=O)CCN3CCC(CC4=CC=C(F)C=C4)CC3)C=C2)O1,1,0.0,0.0,0.95,0.1904020539659683,-13.962679870089566,-1.160627533705893,220.1403306420608,-0.0076311216360583,1,17.220390665830315,12.13273413692322,0.7654370650238926,0.0854026848066656,0,0.1560651287966167,27.5686274509804,-1.2880550173010374,-2.1111111111111094,17.696185628620217,0,16.555631865133762,3.191355900866286,2.77238691825317,-0.0028461318296381,-16.779418066256362,-15.446888546458828,990.7164267934012,1.5157727618328871,23.39379602102789,1165.668477091746,-0.0211247208454711,5.583020141642242,-0.0985108820160367,-1.89771572472126,3428582.4757876927,0.117398066152382,-0.4779117674064429,5.817220841045895,-168.93810073048826,0.0126542604221175,0.4860198522734125,0.0189252230506109,-0.0534405380379835,68.15109573241068,-23.75547866205308
15,CCCCCC(C)C,0,0.0,0.0,0.0,0.9042129629629628,4.011225877915274,-1.3875553749693323,-3.10650887573965,0.0049836338300739,0,0.0,46.4544980907759,0.4201183431952658,-0.0083912712652724,0,-0.1022485207100588,11.76923076923077,0.1533727810650891,1.437869822485208,25.68328649170404,0,0.0,5.604074074074074,6.825046296296296,-0.0017254437869822,-0.7116691073720418,-10.707385206370528,-27.974412320850146,-4.316052186645461,-0.0552268244575938,21.88172169528254,-0.1348379629629639,0.0,-0.0653353057199211,-0.1762721893491124,48.27551104108667,0.0472733711048159,-1.1433932703609946,0.0,-48.96449704142012,0.0,0.9042129629629628,-0.0025850591715976,-0.4277053824362604,18.343195266272183,-3.715976331360947
16,CCCCCCC(C)C,0,0.0,0.0,0.0,0.904496409674981,4.166814546130655,-1.7064934960697644,-2.734839476813309,0.0049820193832361,0,0.0,52.87531971370191,0.4045778834720565,0.0012709836528739,0,-0.0107015457788342,11.862068965517242,-0.1011296076099874,-0.7990487514863259,32.10410811463005,0,0.0,7.074406651549509,6.854430272108845,-0.0015287922541193,-0.6240471083128046,-10.725809674127076,-24.627493503458428,-3.824144953953169,0.0297265160523184,27.551427311737395,-0.1467078189300436,0.0,-0.0637028229180429,-0.176575505350773,84.62711413110172,0.0287293002136752,-0.1196699506360291,0.0,-49.04875148632582,0.0,0.904496409674981,-0.0028260007927071,-0.3987379807692305,19.05469678953628,-2.474435196195006
17,CCCCCCCC(C)C,0,0.0,0.0,0.0,0.9042838246409672,4.292380665540051,-2.028573949148768,-2.44140625,0.0049905482245385,0,0.0,59.296141336627926,0.3916015624999991,0.0003176130439553,0,-0.0094921874999999,11.9375,-0.0098437499999999,-1.6875,38.524929737556064,0,0.0,8.551978930461074,6.877070578231292,-0.0013722278225806,-0.5552333199205917,-10.741629227694713,-21.98509896867409,-3.432512226076848,0.0302734374999995,33.80638547778956,-0.1563636363636369,0.0,-0.0625,-0.1768359374999998,142.19516056908168,0.0126163391933817,-0.1061463112926671,0.0,-49.12109375,0.0208333333333333,0.9042838246409672,-0.0030234375,-0.3739200053374247,19.62890625,-1.2890625
18,CC1CCCCC1,0,0.0,0.0,0.0,1.0358796296296295,-3.64460845896596,-1.3418990464653289,33.33333333333332,-0.0036213905825323,0,0.0,39.02784531432067,-0.1953892668178381,0.0,0,0.0,12.666666666666666,0.0,0.0,32.10410811463005,0,0.0,7.437175925925926,2.3602777777777777,-1.1746556108757236e-16,3.6446084589660073,-12.756129606380988,300.1698845856298,1.8609452603240722e-14,0.2607709750566894,18.411612028694467,-0.1428571428571436,0.0,-0.0793650793650793,-0.2100000000000001,47.19725257297226,-0.0302547770700637,0.0,0.0,-58.333333333333314,0.0,1.0358796296296295,-0.0028571428571429,-0.2603503184713377,-16.66666666666667,2.6666666666666665
19,CC1CCCCC1C,0,0.0,0.0,0.0,1.003472222222222,-18.22304229483,-0.6709495232326689,58.33333333333332,-0.0190273388404315,0,0.0,39.53076089108528,-1.5925925925925926,0.0,0,0.0,12.666666666666666,0.0,0.0,25.68328649170404,0,0.0,5.90212962962963,4.757592592592593,-3.0068540250264654e-17,7.28921691793198,-12.756129606380975,525.2972980248529,-1.1842378929335002e-15,0.5671296296296294,22.45793504300884,-0.0624999999999996,0.0,-0.0972222222222221,-0.2100000000000001,72.49526582754562,-0.0039999999999999,0.0,0.0,-58.333333333333314,0.0,2.006944444444444,-0.00125,-0.3719999999999998,-83.33333333333334,5.333333333333333
20,CC(C)(C)C1CCCCC1,0,0.1,0.0,0.0,0.5698611111111112,-3.6446084589659065,0.6709495232326732,-16.66666666666667,-0.0017027293517186,0,0.0,40.0336764678499,0.079953703703703,0.0113182859392787,0,0.1800000000000003,12.666666666666666,0.0,1.9999999999999991,32.10410811463005,0,0.0,7.378425925925926,7.1338888888888885,-2.914335439641036e-17,3.644608458966129,-29.156867671728104,-150.08494229281504,-4.736951571734001e-15,-0.4415972222222226,32.964337916616145,0.0499999999999981,0.0,-0.1222222222222221,-0.4800000000000002,165.63732925805002,0.3083230534794284,2.0128485696979963,0.0,-133.3333333333333,0.0,1.0011574074074072,0.0009999999999999,-0.4808794717364483,-16.66666666666668,6.666666666666664
21,CC1CCC(C)C(C)C1,0,0.0,0.0,0.0,0.980324074074074,-16.400738065346918,1.4988010832439613e-15,33.333333333333314,-0.0153424828399404,0,0.0,33.61285484492389,-1.0246913580246917,0.004895640989484,0,0.0900000000000001,12.666666666666666,0.0,0.9999999999999996,19.26246486877803,0,0.0,4.383935185185185,7.152037037037037,-2.929755203871941e-17,5.466912688449077,-18.22304229483008,300.1698845856308,-2.447424978729234e-14,0.5812757201646094,26.53469113969722,-1.9123407934871577e-15,0.0,-0.0925925925925925,-0.3000000000000003,104.2009193065932,0.0734374999999999,1.0064242848489997,0.0,-83.33333333333329,0.0,2.964027777777777,-1.503427012513233e-17,-0.4500000000000002,-75.00000000000003,7.9999999999999964
22,C=CCCCCCC,0,0.0,0.0,0.0,1.1944444444444444,-5.9036375787968564e-15,-2.348323331314335,-4.366877230192283e-15,0.0011752652569036,0,0.0,32.26222217530253,-0.0520833333333335,-0.0017880459770071,0,1.8283985436795555e-16,12.666666666666666,-0.0299999999999998,0.0625,32.10410811463005,0,0.0,8.611609977324264,5.888390022675736,-0.0017391304347826,-5.459548368946794e-15,-1.2148694863220024,0.0,-4.350288182400438,-0.1497395833333334,21.48298836053086,-0.2499999999999997,0.0,-0.0446428571428571,-0.0199999999999998,61.4996122651069,-0.1401463811330984,5.697013971683874e-16,0.0,-5.555555555555555,0.0,0.0,-0.005,-0.1030443032753071,-1.850371707708594e-15,-1.0000000000000004
23,C=CCCCCCCC,0,0.0,0.0,0.0,1.1981292517006803,2.751978644965908e-14,-2.683798092930665,-2.5905203907920318e-15,0.0012267600253123,0,0.0,38.68304379822854,-0.0205761316872425,0.0017674462218601,0,1.8388068845354163e-16,12.666666666666666,1.776356839400251e-16,-0.5761316872427983,38.524929737556064,0,0.0,10.077968395691611,5.922031604308391,-0.0015384615384615,2.7558697546226163e-14,-1.214869486321979,9.328513570033969e-14,-3.848331853661944,-0.097736625514403,26.66276418627137,-0.2500000000000016,0.0,-0.0446673525377229,-0.0199999999999998,103.68791599331826,-0.1406758957654723,-3.244084630556661e-16,0.0,-5.555555555555553,0.015625,0.0,-0.005,-0.0883863693309948,-7.401486830834341e-17,-1.0362081563168126e-15
24,C=CCCCCCCCC,0,0.0,0.0,0.0,1.2005208333333337,2.7075697239809012e-14,-3.019272854546994,-8.141635513917809e-16,0.001242319084635,0,0.0,45.10386542115455,0.0,0.0001035757704569,0,1.727784582072901e-16,12.666666666666666,1.8041124150158804e-16,-0.4933333333333336,44.94575136048208,0,0.0,11.551637377173092,5.948362622826908,-0.0013793103448276,2.8485787062493367e-14,-1.2148694863219782,0.0,-3.450228558455521,-0.0625,32.32548235360778,-0.2500000000000018,0.0,-0.0449382716049382,-0.0199999999999998,175.07674799821407,-0.1418439716312056,-1.219942517375708e-15,0.0,-5.555555555555553,0.0104166666666666,0.0,-0.005,-0.0770359501100513,1.7023419710919077e-15,-5.181040781584063e-16
25,FC(F)=CCl,1,0.0,0.0,0.0,0.2222222222222223,0.0,-0.5052143548081667,0.0,0.0,0,0.0,11.600939890232516,0.0,0.0,0,0.0,87.33333333333333,0.0,0.0,0.0,0,6.080643228767064,-1.854938271604938,0.0,-0.0579605555555553,0.0,-9.693408884717568,0.0,-4.257168945620906,0.0,8.629874180987336,-0.067987323972309,0.0,-0.25,-2.2224222222222214,9.65148445440323,0.360679413112226,0.0,5.535201928878213,4.0,0.0,0.0,0.1203638888888887,-0.1197681055772217,0.0,0.0
26,CC(C)(C)C1=CC=CC=C1,0,0.1,0.0,0.0,0.2929166666666665,1.2528341577694968,1.719308153283707,-39.58333333333334,-0.0128805971851633,0,5.41499046939678,51.10304694137992,0.015299479166668,0.0134060084509263,0,0.140625,15.583333333333334,0.0,1.5625000000000004,5.563451491696996,0,0.0,0.0,6.673611111111112,-1.3299546649155525e-17,1.1389401434268098,-27.562351470930263,-356.4517379454358,-6.809367884367627e-15,-1.613136574074073,32.964337916616145,0.1673469387755112,0.0,-0.1577380952380952,-0.4537499999999998,165.63732925805002,0.3411429526409192,1.5725379450765633,0.0,-126.04166666666669,0.0,0.0,0.0036607142857142,-0.3047741072920731,5.729166666666672,2.708333333333332
27,CNCCCN1C2=C(C=CC=C2)SC2=C1C=CC=C2,0,0.0,3.2233415217939028,0.4675,1.0495800264550263,24.003045046828703,2.7094592837890774,-178.02556610664718,0.031861615210474,0,0.0,36.027353223237554,0.0131277423569715,0.0596671190557346,0,0.0792039444850283,25.62162162162162,-0.2197472607742845,-7.716581446311173,21.165739500402672,2,0.0,1.1426936885865455,2.1005985449735447,0.0029606225768386,-22.6919021587724,11.415890025796788,-767.132018681686,1.697090530764611,0.5047079111143177,193.55260871506948,0.1112180577372289,0.0,0.1161431701972242,0.0258718772826848,37267.80313888947,-0.1913592256161324,-4.270910174545658,0.0,115.5303140978816,0.0100160256410256,0.0,-0.00720472945717,0.0170575746816882,-80.57779401022647,-39.419527635743854
28,O=[N+]([O-])C1=C(NCCSCC2=NC=CC=C2Br)NC=C1,1,0.0,13.746387617053044,1.7535,0.0717319305540811,9.805929004586176,-2.695750263691877,-100.85123966942152,0.3233627047908605,1,5.752853606746789,0.0,15.97437918907242,-0.0140856315609867,0,-1.0646231404958677,68.18181818181819,0.3290307621671256,5.000000000000001,6.06636706846161,1,4.923311048817671,3.319248658855441,0.6492783919123204,0.0215175606330686,-0.3218665799824654,-7.477143384798239,22.33253727793762,1.389981989102437,-24.739316487609603,284.06099394627813,-0.1507008886835286,5.817862777835028,-0.0436507936507936,0.045015243342516,46022.65027830811,0.2625716350912606,-4.41119684181424,5.687386274683562,-4.520661157024805,0.008882238792953,2.08738780234316,0.016909453299226,-0.0143801917346584,-23.38842975206608,-29.05379773542888
29,O=[N+]([O-])C1=C(NCCSCC2=NC=CC=C2)NC=C1CC1=CC=CC=C1,1,0.0,14.648451429588311,1.7474,0.1283139831281967,3.052138207657405,-4.030190375509403,-66.1398865784499,0.3264012492224888,1,12.1736752296728,36.39820241076966,25.396176268861456,-0.0618621260734607,0,-2.6057937618147413,27.91304347826087,-0.6973994328922494,0.9073724007561434,0.0,1,0.0,4.030709856133946,0.6424906305114637,0.0198555962507876,-17.593716080488356,-20.19811238520723,164.96276763371355,1.8430369398121431,-40.27340534979424,1071.382629485604,-0.1155844946399489,5.817862777835028,-0.0197778827977315,0.33680056710775,1224858.4705375344,0.2405978638461142,-1.2082814624918612,10.610697323501231,-22.44801512287336,0.0091326530612244,2.133703577839303,0.0138396361058601,-0.014449283628005,30.701323251417776,-32.33333333333333
30,CCN=C(NC#N)NCCSCC1=C(Br)C=CC=N1,1,0.0,14.147066241238962,1.6095,0.5320524691358028,4.243829927347111,-1.30095139438024,-80.71673469387754,0.0962931968727534,0,5.752853606746789,0.0,7.000570252792474,-0.1122420291251443,0,-0.6778131428571419,62.114285714285714,1.2678715102040816,5.445714285714287,0.0,0,0.0,3.6539366260609945,3.3211849573519845,-0.0049165714285714,-7.181580704425191,-3.0969890798328747,-54.96000717134302,-1.153053215067951,-11.054411480641638,329.0772510852888,0.0923487032134952,6.19315609577884,-0.0072765657987333,-0.9417835102040818,18476.88254081087,0.1422304361785333,-2.1601906421060453,0.0,47.798367346938754,0.0088252314814814,2.3037717309145886,0.0201291935256861,0.1133322669905058,-18.66285714285716,-14.38954676520814
31,CN=C(NC#N)NCCSCC1=C(C)N=CN1,1,0.0,13.927437780757137,2.2806,0.5053896604938275,6.178559872152155,-0.6973645677162522,36.76859504132232,-0.0002894909313017,1,5.752853606746789,0.0,0.2491166812154475,-0.1394233997702186,0,-0.1147611570247931,28.060606060606062,0.6811438016528921,4.36730945821855,0.0,0,0.0,3.5365808715461493,2.752511575809285,-0.009595041322314,-3.896373144512402,-18.504414934068663,365.5903596006223,-2.0022756444273697,0.8249092118340177,323.3882439321537,0.1975645723830724,6.19315609577884,-0.0475665748393021,-1.5575652892561975,8399.709922186494,0.1625797132238418,-0.7364096938293191,0.0,-70.02571166207528,0.0103316326530612,2.3549746472663142,0.0249039669421487,0.1000854103339711,-108.66666666666666,-24.499540863177227
32,O=C(NCCCCN1CCC(OC2=CC=CC(C(F)(F)F)=C2)CC1)C1=CC=C(Br)C=C1,0,0.0329877474081055,2.932757933201795,0.639,0.0648787178104042,-21.316864123734018,-0.2122848626521692,207.4973838104032,-0.218556463953174,0,6.176298517443475,21.99631096641096,-22.15575537434543,0.0267174507613431,0,0.4491111111110969,44.70175438596491,-4.67784444444444,-2.5029239766081885,6.06636706846161,0,11.73975000914047,-0.9852681837774422,3.276005138076348,-0.0032674199623351,-33.62411192900405,-39.87867707061832,345.6090193800356,-0.1050759987315972,28.41785353602522,1899.2626897460864,0.206340994675586,0.0,-0.0764531321683885,-0.8546888888888966,7495232.405797225,0.4039174983228117,-0.5304957792415007,17.760657950383713,-51.67743921206525,0.0127514367816091,0.2035610667887699,0.0683551362683438,-0.0527359812682195,-156.3613419513697,-9.45294510793865
33,O=C(NCCCCN1CCC(NC2=CC=CC(C(F)(F)F)=C2)CC1)C1=CC=C(Br)C=C1,0,0.0328432905849233,6.187418317752536,1.2391,0.0611285653550499,-21.573399439545383,-0.1287623139694304,219.6206896551724,-0.1400334640407586,0,6.176298517443475,21.99631096641096,-14.006073445290973,0.0544085670028014,0,0.6765127824018928,43.689655172413794,-4.211548751486323,-2.1825208085612373,12.13273413692322,1,11.73975000914047,-0.6221340804795097,3.441128594866471,-0.0053548206500197,-23.93550305588836,-44.7896391759471,464.4104890451927,0.6311382515062595,13.302211934156375,1899.2626897460864,0.1806584794649851,0.0,-0.0860417492403223,-0.1253912009512551,7495232.405797225,0.4129755610776292,-0.5220032346320733,11.949020558499466,-50.35077288941734,0.0127514367816091,-0.0611285653550499,0.0692001282644118,-0.0539915149232751,-105.602853745541,-34.5542702609246
34,O=C(NCCCCN1CCC(OC2=CC=CC(C(F)(F)F)=C2)CC1)C1=CC=NC2=C1C=CC=C2,0,0.0317989097516656,3.8380849728501336,0.6643,0.0748083984268981,-24.15438522927646,-1.0350297848288654,57.0,-0.3353692107303636,0,6.176298517443475,24.26546827384644,-20.57201338305006,-0.000425620711004,0,-0.1896534079084498,23.90322580645161,-4.587308766909467,-3.265348595213317,6.06636706846161,0,11.73975000914047,0.5938891048402288,3.2152044560673083,-0.0027357107980468,-35.11646538418864,-32.2747215982823,-134.5524348780601,0.2080037171447828,37.1042172505492,3006.052725066756,0.1857039919553007,0.0,-0.0292619039075675,-0.9155929760666078,47341893.92638073,0.3919978439662035,-1.0937200983484483,17.760657950383713,50.0,0.0119357638888888,0.1779147731405919,0.0613280087193656,-0.0527700311658637,-53.0,-29.0
35,CC(=O)N[C@H]1CC[C@H](CCN2CCN(C3=CC=CC(Cl)=C3Cl)CC2)CC1,0,0.0,4.3532621742777735,0.5372,0.1028962162293243,-28.03336417304212,0.1877886744532351,26.47867768595041,0.095800227632126,0,4.794537184071822,29.268246848926644,1.2825153140080128,0.1453135113540889,0,0.7377219504132201,27.963636363636365,0.1608186446280968,2.21487603305785,25.807221274690605,1,0.0,6.0073025089441785,6.924327678429934,0.0031440672756271,-2.831912888058677,20.37713709718308,443.5410371478148,-0.6277995730353914,-3.968036935006634,495.4350339099308,-0.0651536617362412,0.0,-0.0736914600550964,-1.5137682644628068,802954.4548499238,0.1169595545905513,-1.4856151033071796,5.907179729351506,143.40661157024786,0.0139756944444444,0.9088333928293796,-2.583348637891328e-05,0.0178648167136278,57.46644628099173,-17.997890011223344
36,CCC(=O)N[C@H]1CC[C@H](CCN2CCN(C3=CC=CC(Cl)=C3Cl)CC2)CC1,0,0.0,4.441787591184733,0.5254,0.1908591791922873,-19.99282701288076,-0.1457054774110707,31.68133174791914,0.0354464657444962,0,4.794537184071822,36.19198404861727,-7.412910414855483,0.1410043846468399,0,0.8275768727704998,27.17241379310345,0.4975933412603933,3.860879904875151,25.807221274690605,1,0.0,6.618122351719709,7.232155695514885,0.0033262019421325,-8.901969257198743,14.627552306040757,532.8219133300081,-0.5915188916532166,-3.1296569502959595,630.2066570154143,-0.0742293591841053,0.0,-0.0635417318563948,-0.7630209274672941,1422245.52396364,0.0728112886272242,-1.9314688642901163,5.907179729351506,211.77883472057084,0.0146329365079365,0.9965837707583288,0.0002840316457017,0.0185313934262052,-13.267538644470882,-27.142848754422264
37,CS(=O)(=O)N[C@H]1CC[C@H](CCN2CCN(C3=CC=CC(Cl)=C3Cl)CC2)CC1,0,0.0611460517120894,1.2542974480460436,0.7886,0.1270739515943615,-30.14044550886296,-1.8612070816732744,-67.15688775510206,0.1101012076595332,0,10.023291153407584,29.268246848926644,4.543926208886624,0.1149621905495303,0,0.8396216836734732,32.535714285714285,-0.0458359056122416,1.7959183673469397,12.676590806437414,1,10.023291153407584,6.590209210457855,5.114844718103122,-0.0010157976337087,-0.6860767854785728,23.851905546731984,379.67114553149526,-0.1169771204903715,-9.313866963930913,408.5944061237105,-0.0657654899489551,0.0,-0.0796590595697738,-2.467022448979592,1016689.0616226194,0.356254755999174,-1.7033440273181126,6.041840829147961,109.1938775510204,0.0147982804232804,0.711124251429987,0.0162991884422687,-0.2134126721407765,10.438775510204056,-32.04938271604937
38,COC1=C(N2CCN(CCCCNC(=O)C3=CC4=C(C=CC=C4)C=C3)CC2)C=CC=C1,0,0.0,5.319757746209417,0.5948,0.0103479316154835,-33.28658497411081,1.0927499193143468,-63.76378772112381,-0.145207190321627,0,0.0,42.46456947923127,-8.55807029714418,0.0186200579861524,0,0.3785424557752217,20.032258064516128,-0.2473468782518282,4.316337148803326,5.687386274683562,1,0.0,2.082045729359492,5.930148074901966,0.0038753858160572,-29.90133618722181,17.011157421470134,-204.829419141488,-0.3095272619841854,-8.259278529309748,422.11708596657377,0.0756921698470582,0.0,-0.0261887526580101,0.1071072320499598,16568949.938477531,0.0341255326007619,1.6019777475772885,5.907179729351506,-11.988553590010405,0.0105555555555555,0.953037889823382,-0.0077071829615887,0.0137020061878884,-131.35171696149845,-4.969823100936534
39,CC1=CC=C(/C(=C/CN2CCCC2)C2=NC=CC=C2)C=C1,0,0.0,0.0,0.0,1.0136746504157217,-4.808249498288292,0.2059293252541884,58.81503515413738,-0.002416901213022,0,0.0,41.97130694083893,1.995568174989484,-0.0570487798138319,0,-0.8711951325040547,18.69767441860465,-1.198133153055705,-12.9545700378583,42.631163571140426,0,0.0,6.861231946865063,5.581093523446517,0.0055416982152514,-12.173594265401515,-2.006263139804324,374.4951164408567,0.1535161990519179,1.6921308815575975,141.10168784771076,0.0331227714610791,0.0,-0.0384881324835182,-0.6270444564629519,126994.4402801748,0.068704810379336,-3.6783815278447856,0.0,-69.39318550567874,0.0072250566893424,0.0,-0.0054896235392377,0.0934093209645437,51.05462412114657,-45.7550027041644
40,CCOC(=O)C1(C2=CC=CC=C2)CCN(C)CC1,0,0.0583657587548638,0.0,0.0,0.0654629629629626,-23.18074853998336,2.2008413801099858,-54.51413543721234,-0.0252346331505363,0,14.94639060726865,30.33183534230805,-10.00771604938272,-0.1543625310355544,0,-1.392403681788292,18.923076923076923,0.3506431952662801,0.0282708744247184,0.0,0,5.41499046939678,1.6792592592592592,4.190692554799698,0.0053454750164364,-33.669097944758626,-0.6884808472475933,-41.09412351142163,-1.5576661564635683,-15.77700617283951,111.25039611089628,0.2106474426165656,0.0,0.0020084119135752,-0.3348174227481952,14384.074057267351,0.0992704636916915,-0.3146152495227513,5.969305287951849,-6.969099276791576,0.0186631944444444,-0.0654629629629626,0.0048865454414452,-0.0109985528219971,-64.76002629848784,-51.26627218934911
41,CCC(=O)C(CC(C)N(C)C)(C1=CC=CC=C1)C1=CC=CC=C1,0,0.0445103857566765,0.0,0.0,0.2811111111111111,-13.444272073414226,2.832402103856496,100.2784,0.0241556520569257,0,10.2095276534686,67.58740788430673,-2.8520833333333275,-0.2246914722635074,0,-2.5823627199999977,17.92,0.7253088800000018,-3.5,0.0,0,5.41499046939678,1.3101558956916102,4.145694444444445,0.0032537325490195,-51.61255145237664,12.104213520563263,459.229323642023,-0.2679615702228392,11.959652777777784,164.87886110627826,0.2005797995071634,0.0,0.0388888888888888,-0.3859848000000005,150691.85287364948,-0.0242681374628765,-8.607132287446557,5.783244946364939,-6.127999999999956,0.0145833333333333,0.2811111111111111,-0.0028058844444444,-0.043573169615746,-14.039999999999967,-182.976
42,CNS(=O)(=O)CCC1=CC2=C(C=C1)NC=C2C1CCN(C)CC1,1,0.0744047619047619,1.2489895124716557,1.4399,0.1279624397968555,-5.803884538529877,1.4960997545798915,154.5,-0.087996372107297,1,16.444112776333593,6.06636706846161,-28.894342069854066,-0.1574780494005007,0,-0.3330728298611115,24.33333333333333,2.697875043402774,-5.6796875,30.838990934691,0,10.023291153407584,5.037244547121215,2.272705897097131,-0.0044691649305554,1.1535655328189984,-6.706072796551777,553.7528305004986,1.4109253789135447,19.17943863359244,239.72519651453624,0.1712719050088177,0.0,-0.0491851478494623,-1.5859945746527755,211677.19761144067,0.2942069176915515,-3.040388231316117,5.752853606746789,-240.1875,0.0202020202020201,0.7217042119686872,0.017815433187724,-0.2146415751566394,-103.75,-44.05555555555556
43,CC(=O)OC1=C2C(C)C(OC(=O)C(O)C(NC(=O)C3=CC=CC=C3)C3=CC=CC=C3)CC(O)(C(OC(=O)C3=CC=CC=C3)C3C4(OC(C)=O)COC4CC(O)C3(C)C1=O)C2(C)C,1,0.0700116686114352,40.23416023900356,3.6047,0.0028853439807063,-55.516402537217246,1.3982922738951005,111.0,-0.6096424917376365,0,42.86246350528753,87.50124935214959,-82.93390677073816,0.4298515356738809,0,-2.735096460176989,23.787610619469028,-0.7481997493930603,-27.68141592920354,19.056471336613846,0,118.17719974307924,-8.623872748139817,8.007867864691729,-0.0085017107477339,9.790625106272309,-25.902284096289875,545.8924915471662,2.109182586067249,14.416307724436786,19325.312926912942,0.0151170586483233,17.46418207038817,0.0173259254275228,-1.294642885112382,19536342594936.66,0.0647566385161064,-17.02018030457734,29.727711100902187,-114.0,0.0158975290697674,-8.506467090626503,0.0199677175171529,-0.0877347122593968,-129.0,-270.0
44,CN(C)CCC1=CNC2=C1C=C(CN1C=NC=N1)C=C2,1,0.0,5.4619602370332885,0.6586,0.7581751543209876,-8.507018685205214,3.868085210471557,98.54437869822488,-0.0245523421059062,2,12.965578028838586,6.06636706846161,2.075955146467971,-0.0979092882904611,1,-0.3018692307692301,20.615384615384617,0.206728994082841,-5.230769230769229,22.02982791547505,0,0.0,6.484918587805493,1.8139857331821616,0.0121417376244767,-29.61999140391184,-22.96072178166045,522.3911954179534,-2.215283346700751,4.7928994082840255,183.00068107332208,0.3325502773496009,0.0,-0.0351695974664555,-1.008612426035503,66536.96519206878,0.060138411327513,-0.320398795959823,0.0,-153.0473372781065,0.0126633986928104,0.0,-0.0098245520460039,0.1157442428434029,55.44378698224854,-31.6094674556213
45,CCC(=O)N(C1=CC=CC=C1)C1(COC)CCN(CCC2=CC=CS2)CC1,0,0.037593984962406,2.1421090738866715,0.0,0.1715607001524213,-4.683912300458696,2.3015293988290373,-68.97660818713453,0.0027628745323323,1,15.95222176079788,31.18920547353706,-0.470339137799496,-0.1605029032552681,0,-1.5092286241920705,22.87719298245614,0.0038757771621892,5.209602954755304,4.877147193701299,1,0.0,3.477693238299299,5.585411845166084,0.0060339275187673,-43.40711076799899,3.220200971597957,-615.8431302722844,-0.7686207758427356,-2.023081466239904,411.4294734958413,0.0175768034748311,0.0,0.0113104535399821,-0.6764881502000482,2009597.126213756,-0.0245473395583582,-0.5746364147586536,11.446104981734852,-170.93875038473377,0.0145579866562009,0.1715607001524213,-0.0030430470338823,0.0036926176836207,-54.08833487226838,-61.183030676105474
46,CNS(=O)(=O)CC1=CC2=C(C=C1)NC=C2CCN(C)C,1,0.0859106529209622,1.1070861678004538,1.5347,0.0116473765432099,-11.507403344653037,3.0786671589234524,117.76621058893517,0.0306200261711286,1,22.196966383080383,6.06636706846161,-4.018185324317862,0.2710366962478843,0,2.0669151695419368,25.75609756097561,-2.125451338488994,-13.531231409875073,12.611123474374184,0,10.023291153407584,2.94419493260267,0.9642808720710506,-0.006728756975723,-34.33826899000298,-14.389922026206326,603.3935349418283,0.0453149902757359,0.6750532865912826,160.48966342123057,0.2944811558306368,0.0,-0.0268728931191751,-1.8461754907792949,31461.95252773713,0.3015197776611592,-4.026676524800461,5.752853606746789,-208.61511005353955,0.0189554988662131,0.0116473765432099,0.0199796866944279,-0.2441953307609493,2.5050565139797314,-35.496595941569176
47,CN(C)CCC1=CNC2=C1C=C(CC1COC(=O)N1)C=C2,1,0.0,4.100692577574342,1.4493,0.0825157207944902,-3.605831289344808,3.268946465580521,56.22222222222221,-0.0238051809786393,1,17.578506199652068,6.06636706846161,-5.46464789619551,0.0331617936079244,0,-0.4098416666666664,20.761904761904763,0.1703083333333335,-6.48469387755102,22.02982791547505,0,0.0,3.617936657815356,1.4872988803724734,-0.0014051767676767,-29.22896360745694,-17.465673621081702,253.1443660452209,-0.2056413008344435,0.042690224237846,187.4538255649147,0.2446837326950829,0.0,-0.0371925141364563,-1.4742249999999988,92019.76486960816,0.1885375030416779,-2.364802683349695,12.135080900086376,-163.33333333333331,0.0126562686478099,0.0,0.0131681786216596,-0.0311696268807397,43.77777777777776,-34.22222222222224
48,CC1=CC2=C(C=CC=C2)N1CCNC(=O)/C=C/C1=CC(OCCO)=C(OCCO)C=C1,1,0.0,22.021511013180643,2.5631,0.1115131554712758,-27.65157396571357,-0.0159040113688768,-88.87647227808098,-0.496072871632604,1,11.339293589984395,24.26546827384644,-16.158814516901273,-0.0491877450783411,1,1.7559841424877851,22.20338983050848,0.1563981614478596,-2.2815282964665324,11.462244321298677,0,0.0,3.16002390925506,3.2917516343554314,-0.0086476968649482,-10.176364538203732,45.98667780690941,-1238.2968115025485,0.5602596375475921,-0.054254843754988,5573.9970201246215,-0.0398290168216836,11.49902366656781,0.0351422284077502,0.2699005745475538,11344819.887981214,-0.0587312454126572,-0.2520267744205002,32.33470758740318,-15.824762999138189,0.0133112588469731,0.7277667715630451,-0.0135367685326445,-0.1155867513843187,-150.81298477449008,33.31284113760413
49,COC1=CC(/C=C/C(=O)NCCN2C(C)=CC3=C2C=CC=C3)=CC(OC)=C1OC,1,0.0,4.136155731175642,0.6155,0.1593828997648438,-46.05047435370676,4.485450572134579,-213.94214876033053,0.114040640944043,1,11.339293589984395,18.19910120538483,-6.432773186409554,0.6943141942792598,1,5.935640264462803,21.963636363636365,1.419728066115702,9.68,22.6728730337634,0,0.0,3.2196778680608045,3.326611897440444,0.0015620716253443,-20.544203063647537,22.12891042275545,-1259.156382476406,-1.6786921907499472,-11.617557392102848,1472.8900862881396,0.1370709055517419,11.49902366656781,0.0599999999999999,0.6591699504132278,4049738.366367925,0.0154782948764943,4.135376784126907,5.907179729351506,-29.148760330578536,0.0148202137998056,1.4467828817001185,-0.0121154283746556,-0.0416032460523523,-144.6446280991736,14.983471074380162
50,COC1=CC(/C=C/C(=O)NCCN2C(C(F)(F)F)=CC3=C2C=CC=C3)=CC(OC)=C1OC,0,0.0345054222806441,3.1071293706314247,0.6567,0.0217081234595666,-75.89329666400975,4.732381397999661,-226.4538842975207,0.0255291057119251,1,17.51559210742787,18.19910120538483,-38.54748393021121,0.2633413876738828,1,2.3529123305784903,26.327272727272728,7.497944264462796,11.387768595041326,31.97251237845784,0,17.77740624164344,-1.6522311475602804,0.0062505895379272,-0.0080128044077134,-5.294652489822113,37.162809050308645,-1089.590604174604,-1.6226804036939666,-47.00208218549128,3684.362912199096,0.2888960470458235,11.49902366656781,0.0858161157024793,3.176176892561983,12996931.285840228,0.3677934469870361,4.238062618354491,13.08951281182515,33.719338842975205,0.0184263221417599,0.8582776941221288,0.0522290137741047,-0.0859692580712247,-119.60528925619836,-67.83239669421488
